Area;Nome;Perimetro;CodiceWGI;Regione;Codice;Triangulation Area;Flat Triangulation Area;Map Area;Area Ratio;Map Area Ratio;Fourier H;DFA H;Height Stdev;Higuchi H (paper)
179647;Suretta Sud;2179;I4L01113007;Lombardia;371.0;186198.78606734273;180741.85081287342;173037.5;1.0301918743773348;1.0760603110154894;0.4672624878508882;1.0127211009614632;42.83318726779161;0.9002104275567706
40566;Orsareigls;1001;I4L01113008;Lombardia;372.0;41983.964555999766;39499.019995353934;37425.0;1.062911549728022;1.1218160202003946;0.4943011553702781;0.8751447738899631;29.773385878819646;
88978;Pizzo Tambò;1907;I4L01113006;Lombardia;369.0;95850.43867189737;93241.98445195146;82700.0;1.0279751040829692;1.1590137687049258;0.5769914671268189;0.7829361263144825;39.642896565414034;0.9186105083065543
49498;Passo Zoccone;1220;I4L01113005;Lombardia;368.0;55779.49365094023;52901.98758026296;44337.5;1.0543931561420357;1.2580658280448882;0.5634377660706456;0.7478614064107447;49.0303147678698;
75991;Morteè;2035;I4L01113009;Lombardia;373.0;85962.98480917688;83531.15197193777;69437.5;1.0291128851910971;1.23799078033018;0.39349229566140204;1.2029872514775382;97.96332361140446;0.8979208378839412
363637;Ponciagna;3488;I4R01313G15;Lombardia;1005.0;403866.4367739717;390247.1950989306;351762.5;1.0348990123339348;1.1481224882526468;0.5724589180375692;0.9064194442888056;109.28183419228728;0.8838363965362046
210638;Cima di Lago Ovest;2637;I4R01313G14;Lombardia;1004.0;218542.2022455725;214043.69743827515;202300.0;1.0210167590129329;1.0802877026474171;0.5195130754300772;0.7331697477631811;51.271488366435925;0.9403406274238895
108666;Cima di Lago Nord;2115;I4R01313G13;Lombardia;1003.0;119676.89588188687;115676.86703104345;102300.0;1.0345793325278247;1.1698621298327163;0.3937773728277887;0.8918652124556598;83.69935315644553;0.924824565724466
123654;Pizzo Rosso;1880;I4R01313G12;Lombardia;1002.0;139503.94957429226;128764.36875426074;117737.5;1.0834049118085405;1.1848727004929802;0.5945247049298024;0.05472743621392598;45.663300962704156;0.8911596650015925
557185;Pizzo Ferrè;5903;I4L01113003;Lombardia;365.0;599316.2500121852;578534.9649804842;535712.5;1.0359205342626128;1.1187273957807315;0.5904309155977909;0.7110450884739342;94.61424184788956;0.8864190344536405
31030;Pizzo Quadro Nord;940;I4L01113002;Lombardia;364.0;42260.355015456254;35719.20739196152;28125.0;1.1831268972941094;1.5025904005495556;0.4759073115145911;-0.08239321542549467;42.78922095062148;
60291;Sivigia Nord Est;1411;I4L01111002;Lombardia;376.0;299662.83598325145;299099.99230205244;265887.5;1.0018817910253592;1.1270286718377187;0.5917095672325392;0.6573189221689651;80.64003013411454;0.7874642611969858
219063;Sivigia Nord Est;2709;I4L01111002;Lombardia;376.0;299662.83598325145;299099.99230205244;265887.5;1.0018817910253592;1.1270286718377187;0.5917095672325392;0.6573189221689651;80.64003013411454;0.7874642611969858
69938;Sivigia Sud Est;1985;I4L01111003;Lombardia;377.0;73171.03204816711;70140.50918493401;63225.0;1.0432064565605417;1.1573116970844937;0.5739529970793986;0.4394240764073921;33.38960934460693;0.7937834453843899
44952;Arnasca Est;1811;I4L01111004;Lombardia;378.0;72678.89256091157;57410.117444549236;39700.0;1.2659596565206472;1.830702583398276;0.5493500981448012;1.4646000007023945;115.61083855448263;0.9372889791912642
68033;Arnasca Ovest;2190;I4L01111005;Lombardia;379.0;101156.63202891547;86799.71648043717;73212.5;1.1654027931267965;1.3816852590597983;0.57766789094858;0.13891231137447024;96.39871604033695;0.6086296973883278
14517;Arnasca Ovest;860;I4L01111005;Lombardia;379.0;101156.63202891547;86799.71648043717;73212.5;1.1654027931267965;1.3816852590597983;0.57766789094858;0.13891231137447024;96.39871604033695;0.6086296973883278
27010;Spassato Ovest;1038;I4L01111007;Lombardia;381.0;31743.55424038252;28891.014153815217;23900.0;1.0987345086392757;1.3281821857900635;0.3870780669338621;1.801496973781915;53.949443269046704;
22407;Calvo;731;I4L01104002;Lombardia;383.0;24431.310478797448;23206.30569158891;19900.0;1.052787582973732;1.2277040441606757;0.6868891658986422;1.5797024655100416;30.578023751594106;
121466;Cengalo Sud Est;2702;I4L01104010;Lombardia;388.0;128058.19630876045;125513.35555393867;112125.0;1.0202754578872535;1.1421020852509294;0.6109476924729962;0.8147274496003185;87.41557048070987;0.8623684648724785
70860;Passo di Bondo;1398;I4L01104012;Lombardia;390.0;77974.4258523933;75336.52228168104;66400.0;1.03501493685691;1.1743136423553209;0.5468235279399019;0.6869544263425941;46.197849546904;0.9158295295805712
26248;Pizzo del Ferro Ovest;1304;I4L01104014;Lombardia;392.0;28271.54516810357;27511.822266900166;22275.0;1.0276144158621379;1.2692051702852332;0.4763191135431042;0.2709762614672848;59.14609559635416;
30300;Pizzo del Ferro Centrale;838;I4L01104016;Lombardia;393.0;33737.728154333774;31918.2578077024;27812.5;1.0570040619883805;1.2130419111670572;0.5228463638577026;;41.43938968871385;
19548;Zocca Sud;1123;I4L01104020;Lombardia;395.0;21910.77575288344;18435.59111882645;16112.5;1.1885041066303603;1.3598619551828357;0.3690020176244624;;29.749088919756108;
68297;Rasica Ovest Inferiore;1377;I4L01104022;Lombardia;397.0;70357.14025378585;66975.06879830312;63300.0;1.050497468926354;1.1114872078007243;0.5680031040155162;0.1993231908340144;33.31300404723258;0.8457073787987728
61479;Rasica Ovest Superiore;1374;I4L01104022;Lombardia;398.0;77494.84199634807;73350.55826422165;57012.5;1.0564996890302865;1.3592605480613564;0.4293906440473432;0.6540983969252863;42.97372300968433;
18331;Rasica Est;819;I4L01104023;Lombardia;399.0;28951.92469730296;26980.255646855552;23337.5;1.0730782197268471;1.2405752414484397;0.5495075553692932;1.9076533589887996;39.68198943619717;
9420;Rasica Est;523;I4L01104023;Lombardia;399.0;28951.92469730296;26980.255646855552;23337.5;1.0730782197268471;1.2405752414484397;0.5495075553692932;1.9076533589887996;39.68198943619717;
74972;Pizzo Torrone Ovest;1522;I4L01104025;Lombardia;400.0;85884.88680553429;82144.10702407919;69725.0;1.045539234851729;1.2317660352174151;0.6020918523511192;1.1347966873175035;67.65484639218579;0.9204166868061787
45651;Pizzo Torrone Est;1279;I4L01104026;Lombardia;401.0;51872.78781876122;49577.666137786524;45400.0;1.0462934595306703;1.1425724189154454;0.30587668792648537;0.6205996803848516;72.87493779760267;
25182;Pioda Sud Ovest;1002;I4L01104032;Lombardia;406.0;37735.29853694352;38354.84851289564;32525.0;0.9838468928968964;1.1601936521735132;0.5403178562927473;0.4825417785638951;59.94348898428605;0.8146794268424571
9227;Pioda Sud;560;I4L01104033;Lombardia;407.0;202897.5256465888;197419.96234879488;180300.0;1.027745741781251;1.1253329209461391;0.5282588205426999;0.7839600181935682;77.34351124299134;0.7998510789726152
183065;Pioda Sud;3004;I4L01104033;Lombardia;407.0;202897.5256465888;197419.96234879488;180300.0;1.027745741781251;1.1253329209461391;0.5282588205426999;0.7839600181935682;77.34351124299134;0.7998510789726152
13423;Pioda Sud Ovest;708;I4L01104032;Lombardia;406.0;37735.29853694352;38354.84851289564;32525.0;0.9838468928968964;1.1601936521735132;0.5403178562927473;0.4825417785638951;59.94348898428605;0.8146794268424571
4443;Pizzo Torrone Est;290;I4L01104026;Lombardia;401.0;51872.78781876122;49577.666137786524;45400.0;1.0462934595306703;1.1425724189154454;0.30587668792648537;0.6205996803848516;72.87493779760267;
12398;Cameraccio Est;614;I4L01104028;Lombardia;403.0;12899.068221951511;12001.041213946917;10312.5;1.0748290912425966;1.2508187366740862;0.4773635809190098;;20.91624265205969;
4784487;Scerscen Inferiore;24651;I4L01123001;Lombardia;432.0;4947733.125945479;4765579.47416172;4698425.0;1.0382227707609053;1.0530620635522496;0.6175085855667408;1.0827407659819828;140.58849151809005;0.9057906777532791
4915449;Scerscen Superiore;25672;I4L01123002;Lombardia;433.0;5249407.929306118;4923826.361588061;4831462.5;1.066123689953406;1.086504951514395;0.5992006589191121;0.9343338101300681;156.74074390825726;0.8061581274049292
4005799;Fellaria Est;12478;I4L01123011;Lombardia;440.0;5091756.165274084;4955831.962312753;4754300.0;1.0274271210151962;1.0709791484075644;0.6060749539390029;0.8265898030117079;352.8519850346293;0.7916022313377071
4323578;Fellaria Ovest;23255;I4L01123009;Lombardia;439.0;4571589.784307029;4333406.959233207;4248762.5;1.0549643334481489;1.075981485034061;0.5813904174038005;0.8311192266312408;176.73404678551944;0.8418678952589491
149059;Marinelli;1863;I4L01123003;Lombardia;434.0;147337.94790093714;144281.52180363162;142525.0;1.0211837667020551;1.0337691485770018;0.5686305977745154;0.3268979071589281;20.56742279767197;0.8887636812243416
331572;Caspoggio;4426;I4L01123004;Lombardia;435.0;358322.07616371545;343528.1838880781;317450.0;1.0430645663718154;1.1287512243304945;0.5983496524726561;0.5373519744619385;61.398122553573636;0.8102432708852545
47213;Fellaria Centrale;1361;I4L01123010;Lombardia;439.1;47787.927269131535;45538.972045510985;42762.5;1.0493852874275025;1.1175194918241809;0.5047088991241457;0.6106376464682804;22.415219406925317;
16733;Fellaria Superiore;554;-;Lombardia;440.1;45502.804593137625;44000.821408638876;39625.0;1.034135344214366;1.1483357626028423;0.5678250602815063;0.7392756420201464;66.81808371240726;0.8747175043795172
27988;Fellaria Superiore;1204;-;Lombardia;440.1;45502.804593137625;44000.821408638876;39625.0;1.034135344214366;1.1483357626028423;0.5678250602815063;0.7392756420201464;66.81808371240726;0.8747175043795172
97769;Pizzo Varuna;2387;I4L01123013;Lombardia;441.0;100866.40600410274;95645.6592628862;94762.5;1.0545842517208968;1.0644126738330322;0.6380691087707229;0.1141739525745511;34.280366479425034;0.6708352519624203
82704;Pizzo delle Tre Mogge;1310;I4L01122025;Lombardia;431.0;87570.99262981303;85045.75383522673;78500.0;1.029692708697472;1.1155540462396565;0.5815990256007597;0.8561455980138101;41.63950656337279;0.8859331295237667
15385;Passo delle Tre Mogge;590;-;Lombardia;430.1;14889.598239541014;14441.970698010258;13350.0;1.0309949071972864;1.1153257108270422;0.6583492303867458;;18.995385754856578;
47735;Sassa di Fora;996;I4L01122023;Lombardia;430.0;53248.248125931794;49746.7234750077;44450.0;1.070387040720043;1.1979358408533587;0.602053951443893;1.0030974558332544;35.35611308360474;
267304;Vazzeda;2842;I4L01122018;Lombardia;425.0;300162.4985446185;282486.6221596212;258512.5;1.0625724370586629;1.1611140604211343;0.5838618360044416;0.7112879809629495;66.15878792142408;0.8928109975160545
127245;Cima di Rosso Est;2124;I4L01122017;Lombardia;424.0;148881.7247058057;132292.61088560167;120537.5;1.1253971307176729;1.235148602765162;0.5924918916279249;0.7075693949902765;73.4516244367495;0.8101008842182262
56674;Cima di Rosso Sud Est;1616;I4L01122016;Lombardia;423.0;68114.45272364607;61438.03616887621;51575.0;1.1086691074633022;1.320687401330995;0.5329678016746373;1.3970961831010345;69.73506614224354;
602046;Sissone;3776;I4L01122015;Lombardia;422.0;707431.060804455;651736.6084633514;589350.0;1.0854554610219282;1.2003581247212267;0.5422858489410199;0.8178486969385428;93.73304555135954;0.7773021149338062
121839;Passo di Chiareggio;1766;I4L01122014;Lombardia;421.0;148697.87755535427;135991.1026372284;115700.0;1.0934382814147967;1.2852020532009876;0.6545004653140001;0.7779203228665998;91.9701109514184;0.8875718751302883
70234;Punta Baroni;1190;I4L01122013;Lombardia;420.0;90494.20198379668;74906.97545092198;65950.0;1.2080877840687512;1.3721637905048776;0.5948315003872502;-1.1484231569172194;61.621447670573616;
2250801;Disgrazia;10716;I4L01122012;Lombardia;419.0;2598767.618701184;2404462.481737096;2215337.5;1.0808102178511487;1.1730797761971636;0.6185695155311624;0.8444718639158308;173.35523779662518;0.7595918398305146
105580;Pizzo Ventina;1477;I4L01122011;Lombardia;418.0;116715.55774591868;110838.6643133886;100625.0;1.0530220520874702;1.1599061639345958;0.6064429039074308;0.7874080934782515;39.69222205174986;0.9091564986196095
352559;Canalone della Vergine;4684;I4L01122010;Lombardia;417.0;396148.4230518689;380780.2996888236;337200.0;1.040359554776348;1.1748173874610583;0.6400949916471432;0.7044788647469611;127.36018238467095;0.8262972585637558
1890923;Ventina;15756;I4L01122009;Lombardia;416.0;2099877.2637777417;2025628.1477356616;1838737.5;1.0366548599381773;1.1420212312947022;0.5878638783585448;0.9197954958908896;300.2965535283942;0.7329136239690053
39228;Pizzo Rachele;1014;I4L01122008;Lombardia;415.0;48569.74759276124;44065.790975721335;35912.5;1.1022098212085067;1.3524468525655755;0.5847986127393485;0.8162986607186137;45.143703174757526;
44769;Sessersa;1108;I4L01122005;Lombardia;412.0;46745.67158956661;45129.18357530215;40850.0;1.0358191282491784;1.1443248859135031;0.5602625229919149;0.6858730436945338;36.76791983095667;
33896;Cassandra Superiore;1520;I4L01122004;Lombardia;411.1;35030.601515295915;33825.15891585997;28950.0;1.0356374556120929;1.2100380488875964;0.5357960973047999;-0.08018445990261644;36.89324550338848;
228858;Cassandra Est;3033;I4L01122003;Lombardia;411.0;258276.0458683801;242011.4748250425;219550.0;1.0672057845814782;1.1763882754196315;0.5245077738626382;0.5676637284943392;95.04177097277493;0.8515365700064916
578946;Preda Rossa;5722;I4L01104034;Lombardia;408.0;621587.3539389631;599450.2700746947;560250.0;1.0369289747112969;1.1094821132333121;0.2284622703059124;1.1387323433739027;197.13770084245442;0.9068410183374263
46255;Corna Rossa;1625;I4L01104035;Lombardia;409.0;50669.28463235126;48744.36338864878;40900.0;1.0394901299326589;1.2388578149719134;0.5085899502597477;0.9409048000513768;61.04273579166172;0.9220316925653458
19083;Cassandra Ovest;652;I4L01122002;Lombardia;410.0;19644.37715697125;18843.290321932647;17162.5;1.0425131079207637;1.144610467995412;0.3746948582749777;0.3785796709378492;23.848058582452254;
13799;Corni Bruciati I;477;-;Lombardia;409.1;14757.91031268525;13948.825225799825;12087.5;1.0580038156467066;1.220923293707156;0.6112019445523271;;18.133148904095343;
21379;Corni Bruciati II;571;-;Lombardia;409.2;23660.906017668487;22372.51749877561;19512.5;1.0575879991584938;1.2126024864916585;0.7858381058180108;0.2844163882481421;26.492437848378053;
12994;Cima di Val Bona Nord;594;I4L01122019;Lombardia;426.0;14606.045232928689;14233.036715501103;10687.5;1.026207233556936;1.366647507174614;0.5552101454089831;;36.4658970625233;
1480075;Pizzo Scalino;8829;I4L01123015;Lombardia;443.0;1524441.351557326;1476551.1675779326;1425737.5;1.0324338126784665;1.0692300311644505;0.6186351223076016;1.199953699170577;100.45719049175308;0.8503684825238884
32079;Pizzo Painale Nord Ovest;1020;I4L01121002;Lombardia;445.0;35895.171909151984;35177.9483182429;28512.5;1.0203884429080574;1.2589275549023058;0.6438855244212491;1.0799750889458857;43.192442525571614;
10040;Pizzo Painale Nord Est;511;I4L01131005;Lombardia;455.0;12005.695396094108;10726.308907503757;8350.0;1.1192755587800889;1.437807831867558;0.43775406648903625;;31.04301094936203;
52671;Pizzo Painale Sud Ovest;947;I4L01121003;Lombardia;446.0;57043.19817450215;54800.609773589735;49187.5;1.0409226906448257;1.1597092386175791;0.6275296644369996;0.8158435021316017;34.48184058040312;
12989;Corti;1365;I4L01121006;Lombardia;449.0;11991.136457446806;10182.573057700412;8300.0;1.1776135942750439;1.4447152358369646;0.33328362083316976;;33.62932287673566;0.24814482054715414
18856;Cima di Forame;590;I4L01131003;Lombardia;453.0;20582.26295373285;19843.565417892944;16800.0;1.0372260488618552;1.2251346996269552;0.4883455422382499;1.0607040659365952;29.04189083194686;
186561;Dosdè Centrale I;2753;I4L01138010;Lombardia;474.0;211780.94666204212;205435.66681266847;176375.0;1.03088694357616;1.200742433236242;0.22145335589996507;0.8430986808527475;133.20064518140188;0.936802055058966
261612;Dosdè Centrale II;3278;I4L01138010;Lombardia;474.1;309069.3768386196;272356.6278888919;249450.0;1.134796605591345;1.239003314646701;0.6068559637909474;1.129457595054848;78.10671751113013;0.8644383566926124
41779;Passo dei Sassi Rossi Ovest;1060;I4L01138008;Lombardia;472.0;45928.739126508;39389.82928250908;36612.5;1.1660050313267671;1.2544551485560396;0.5190874855902017;0.4628795769452709;20.324174151184078;
708551;Dosdè Est;6640;I4L01138009;Lombardia;473.0;774703.4964299335;725081.3661392003;683100.0;1.0684366370562703;1.1340996873516809;0.516463565757108;0.7489079745084636;126.48727926280212;0.8420711585997553
18045;Cima di Lago Spalmo Ovest;1113;I4L01138010;Lombardia;474.2;16006.814012753855;15414.215040541834;14100.0;1.038444965939128;1.1352350363655217;0.3090033675019945;;20.26720402283222;
88743;Val Viola Est;1892;I4L01138014;Lombardia;476.0;93354.7084638277;89404.37468780614;80625.0;1.0441850165589308;1.1578878569156923;0.5566929284220352;0.4121949479285205;64.18059262303579;0.8498834475374875
100223;Val Viola Ovest;1735;I4L01138015;Lombardia;477.0;109765.28528702444;102760.43759681351;93062.5;1.0681667755999138;1.1794792240378722;0.4576054284580677;1.0318017473668044;60.18976933791701;
169476;Dosdè Ovest;3656;I4L01138013;Lombardia;475.0;189464.36437219376;180259.62509934;155362.5;1.0510637879546298;1.219498684510057;0.5296963892501265;0.9086206941892452;65.04699135516438;0.8848984729188474
797513;Cardonnè;8126;I4L01138004;Lombardia;468.0;946072.3512691536;857333.1211558472;767762.5;1.1035061260594587;1.232246106405501;0.5464659978458739;1.0932244250401506;196.02813327364086;0.7926136777568284
392721;Val Lia;5407;I4L01138003;Lombardia;467.0;462532.92508114077;462814.1023682758;371400.0;0.9993924617126052;1.2453767503530984;0.5904084784908836;1.1573745159191944;163.14007261239826;0.8774982373894722
30237;Val Lia Est;1069;I4L01138003;Lombardia;467.1;32906.20926627221;30647.728187081488;26100.0;1.0736916310861406;1.26077430138974;0.36192746392179;0.4890907950123474;41.941945171726225;
41648;Rinalpi;1070;I4L01138002;Lombardia;466.0;46222.70875306812;43647.0570111711;37325.0;1.0590108914156071;1.2383846953266742;0.4925528821625553;0.4800740691818419;49.78384968062942;
129857;Lago Spalmo;2060;I4L01135002;Lombardia;458.0;140018.96263451438;132837.52320479322;120825.0;1.0540618287398331;1.1588575430127406;0.5813535830551388;0.517114196293077;58.63986484036497;0.8171256725339708
28287;Verva Minore;855;I4L01138006;Lombardia;470.0;29049.57555512032;27352.662041570675;24412.5;1.0620383314417683;1.1899467713310934;0.8271479425940418;0.3632928558090302;37.63047373367836;
38478;Verva Maggiore;1109;I4L01138007;Lombardia;471.0;40698.02350258194;39420.24136138255;34962.5;1.0324143662512213;1.164047865644103;0.5275065488429487;0.3454176069403002;38.841560785648646;
48501;Sasso Torto;1050;I4L01136002;Lombardia;463.0;50604.03736568278;48551.05348145682;43387.5;1.0422850532998231;1.1663275682093408;0.5158414025519811;1.0436976557624005;47.57446361339203;
42056;Campaccio;962;I4L01136001;Lombardia;462.0;43601.12614167165;43078.8181784916;37925.0;1.012124472890968;1.149667136233926;0.4513357589985199;0.5594261074744068;49.073229665699465;
50689;Mine;1209;I4J14311008;Lombardia;991.0;53714.61375815132;51036.85923548616;45787.5;1.052467071108547;1.1731283376063624;0.3841937041892911;0.5638826930428616;55.08315349710942;
35762;Corna di Capra di Dentro;1119;I4J14311010;Lombardia;992.0;35806.19070686147;34861.07165325052;30362.5;1.0271110154906218;1.1792899368254086;0.5207066756556737;0.4001855203248225;46.823172394854915;
72437;Pizzo Pavallo;1617;I4J14311012;Lombardia;994.0;74975.24267945868;71182.46605816793;65175.0;1.0532824560783192;1.150368127034272;0.5735169674265612;0.7102953503372058;50.9916639929885;0.8629014027288688
130110;Val Nera Est;2861;I4J14311013;Lombardia;995.0;139673.2820428384;123310.14809428295;116387.5;1.13269900491924;1.2000711592124451;0.6907257114728163;1.1481220953847628;63.126364737987785;0.8304670153861144
18601;Val Nera Centrale;728;I4J14311013;Lombardia;995.1;18412.331981251118;18097.798621362763;15925.0;1.0173796474625971;1.1561903912873548;0.4400394659970648;;28.64532843140159;
380603;Val Nera Ovest;4361;I4J14311015;Lombardia;996.0;423864.4778916417;390657.9756827079;364112.5;1.085001470022218;1.1641030667489909;0.5784074237490235;0.6626398169244202;66.0954788802865;0.82448200388981
305565;Campo Nord;3252;I4J14311016;Lombardia;997.0;322203.6916321182;305897.29791280604;292900.0;1.0533067595907963;1.1000467450738074;0.6128784602079937;0.6752823296608916;73.49300361614458;0.8709694644789907
37925;Saliente;1454;I4J14311020;Lombardia;1000.0;41314.41692577148;35456.238807587564;31525.0;1.1652227736273673;1.3105286891600787;-0.6380483818807282;1.111711397998078;347.1882045373848;0.9088441011587387
93041;Cristallo Ovest;2186;I4L01139007;Lombardia;486.0;97039.02320430508;94177.96129769117;86987.5;1.03037931451468;1.1155513516804725;0.6208997336686859;0.3822053587334374;47.05215021978778;0.9217603869995952
94295;Cristallo Centrale;1553;I4L01139006;Lombardia;485.0;103398.47084778236;98449.06861712578;90500.0;1.0502737334154484;1.1425245397545012;0.4517013267139602;0.5862763364820399;55.960916937204246;
144586;Cristallo Est;2111;I4L01139005;Lombardia;484.0;152992.25780001926;147505.6724281485;139225.0;1.037195758519343;1.0988849545700792;0.6032699244791069;0.6162285451236349;33.557181398829385;0.867104339141525
11011;Crapinellin;467;I4L01139004;Lombardia;483.0;14480.70060000346;13351.57691002122;11600.0;1.0845685642670986;1.2483362586209878;0.570631692625871;;28.51804090956969;
2804;Crapinellin;322;I4L01139004;Lombardia;483.0;14480.70060000346;13351.57691002122;11600.0;1.0845685642670986;1.2483362586209878;0.570631692625871;;28.51804090956969;
1894884;Vitelli;13191;I4L01139003;Lombardia;482.0;2048561.02646852;1924916.2741493653;1845237.5;1.0642338339488524;1.1101882692436718;0.6235926113351085;0.9592000609795148;187.97195873712002;0.8588547906378192
115314;Platigliole;1916;I4L01139002;Lombardia;481.0;123426.05222501948;116488.39650120676;110375.0;1.0595566247985984;1.1182428287657484;0.3579412739728778;0.5193316472355624;49.08758790715914;0.9746380126148675
8301;Platigliole;413;I4L01139002;Lombardia;481.0;123426.05222501948;116488.39650120676;110375.0;1.0595566247985984;1.1182428287657484;0.3579412739728778;0.5193316472355624;49.08758790715914;0.9746380126148675
841112;Campo;8606;I4L01137001;Lombardia;488.0;922960.766539146;848895.2362040869;818550.0;1.0872493179090623;1.1275557590118452;0.6244336700061157;0.7542976129269617;132.48855452319108;0.8058808317367931
1023987;Zebrù Ovest;8644;I4L01137003;Lombardia;490.0;444589.2139473274;422716.00625652063;402487.5;1.051744451042938;1.1046037801107549;0.36062030345604734;0.8049562861763055;89.8420951910042;0.8184496625241657
989409;Zebrù Est;5950;I4L01137003;Lombardia;490.1;1046404.1781870818;995438.8308793836;973487.5;1.0511988740309386;1.074902531554932;0.6409422933212743;0.7651191784743553;98.65013817669184;0.8244516511798465
600014;Miniera;5080;I4L01137004;Lombardia;492.0;675941.525280854;632554.3578605561;586700.0;1.0685904173785843;1.152107593797263;0.5212898259257381;0.6832173270610249;134.85277690970142;0.8013930843473069
788275;Gran Zebrù;7292;I4L01137016;Lombardia;502.0;865780.2190186861;826571.6835419082;784687.5;1.0474351302584757;1.103343966889604;0.6848069808052062;0.7301372681155067;101.54077358599159;0.7966676581905137
81367;Confinale Ovest;1438;I4L01137010;Lombardia;497.0;85959.14841981072;82203.33875276019;77925.0;1.045689259390628;1.1031010384319628;0.5959603796124311;0.4358613295949722;32.36073165935149;0.8854500590871184
441511;Forà;4466;I4L01137009;Lombardia;496.0;481462.5184993511;448414.36572742346;429650.0;1.0737000312608551;1.1205923856612383;0.4294420398998049;0.9286924306113422;84.75238925484899;0.8242494871926092
45463;Montagna Vecchia III;1200;I4L01137008;Lombardia;495.2;52960.06705816707;49930.26161985852;42362.5;1.06068074430244;1.2501638727215596;0.5928909855349105;0.32457456415665714;39.102520674138596;
29760;Montagna Vecchia I;793;I4L01137008;Lombardia;495.0;30155.766020830368;28849.7082826284;27850.0;1.0452710899329405;1.0827923167264046;0.8754652774002256;0.2689319278178736;12.547071543514562;
69859;Montagna Vecchia II;1440;I4L01137008;Lombardia;495.1;74881.05820981345;71443.74399165713;65512.5;1.0481121792631376;1.143004132185666;0.5505782581070657;0.8843357877617413;33.60650012694664;0.6897130495110471
427642;Castelli Ovest;5467;I4L01137007;Lombardia;494.0;482347.5931058577;477064.2914915767;412212.5;1.0110746113438138;1.1701430526872856;0.6564166054514347;0.6369435610386818;94.77234602313229;0.812593101846633
219342;Castelli Est;2612;I4L01137006;Lombardia;493.0;259455.38067810802;248873.1054515158;234025.0;1.0425207665866243;1.1086652309715117;0.6031107150355763;0.5710557125001492;51.29270390286161;0.832369388524294
24141;Castelli Est;856;I4L01137006;Lombardia;493.0;259455.38067810802;248873.1054515158;234025.0;1.0425207665866243;1.1086652309715117;0.6031107150355763;0.5710557125001492;51.29270390286161;0.832369388524294
15635;Gran Zebrù;661;I4L01137016;Lombardia;502.0;865780.2190186861;826571.6835419082;784687.5;1.0474351302584757;1.103343966889604;0.6848069808052062;0.7301372681155067;101.54077358599159;0.7966676581905137
2072007;Cedèc;16067;I4L01137018;Lombardia;503.0;2365871.83523604;2165093.82535425;2016025.0;1.0927340919504671;1.17353298457908;0.6243459165537171;0.8820655077255337;247.44214172218966;0.8462179763251414
57854;Pasquale Nord;1390;I4L01137019;Lombardia;504.0;116210.96083001408;115530.33534729511;89662.5;1.0058913140057366;1.2960932477904819;0.5110678318276256;0.857220263162842;216.18051064133283;0.7566221673374423
18870;Pasquale Nord;1309;I4L01137019;Lombardia;504.0;116210.96083001408;115530.33534729511;89662.5;1.0058913140057366;1.2960932477904819;0.5110678318276256;0.857220263162842;216.18051064133283;0.7566221673374423
22818;Pasquale Nord;1462;I4L01137019;Lombardia;504.0;116210.96083001408;115530.33534729511;89662.5;1.0058913140057366;1.2960932477904819;0.5110678318276256;0.857220263162842;216.18051064133283;0.7566221673374423
58179;Pasquale Sud;1379;I4L01137020;Lombardia;505.0;62950.882182286434;60653.23304005545;54762.5;1.0378817257888564;1.1495253537052992;0.5570795751836972;-0.11968349182735527;36.780871216507826;
609549;Rosole;5007;I4L01137021;Lombardia;506.0;644826.5920688519;617044.4287601822;596062.5;1.0450245752392446;1.0818103673169372;0.545906735343687;0.8442060375446216;62.58261590180675;0.882944372865736
703630;Col de la Mare I;5827;I4L01137022;Lombardia;506.1;810238.2839109246;807691.0035618113;688850.0;1.0031537807625441;1.1762187470580308;0.6203326552669202;1.0362584935796852;281.5245072533544;0.918262361430805
107780;Col de la Mare II;2146;I4L01137022;Lombardia;506.2;135088.18890838447;129556.26388246154;102787.5;1.0426990163203664;1.3142472470717206;0.5580650780080363;0.2535904051898921;104.25704526400914;0.9225608904134606
1062913;Palon de la Mare;8668;I4L01137023;Lombardia;507.0;1139042.7284697585;1101497.6175294728;1040025.0;1.0340855126173534;1.0952070656664583;0.5037561138538993;0.8189652060855496;159.6328501184561;0.8556537727319826
167679;San Giacomo Ovest;2628;I4L01137027;Lombardia;509.0;188725.4533482379;175778.26004554259;161200.0;1.073656396981861;1.1707534326813769;0.5495405805930456;0.4514225482598347;71.65700101217715;0.7976475894384618
17107;Cerena;592;I4L01137028;Lombardia;510.0;672411.6153207887;677102.2547435745;544100.0;0.9930724799837476;1.2358235900032877;0.6015685192679199;0.4502189772115879;241.83270980505213;0.7569930648333625
50398;San Giacomo Sud;1746;I4L01137024;Lombardia;507.2;62278.86204001669;54024.8886257561;45662.5;1.1527809427139757;1.36389514459385;0.4925022205557248;0.7767831144694596;37.38384460716889;
70466;Pizzo Tresero Nord;2010;I4L01137028;Lombardia;510.1;99081.67661503784;91127.84304610844;65312.5;1.087282144546151;1.5170400247278517;0.5697894920560058;0.4534716137901676;108.8686525803296;0.7987181916331998
529369;Tresero;5548;I4L01137030;Lombardia;511.0;565918.4379818031;558386.0417198336;514400.0;1.0134895855182366;1.1001524844125254;0.5391338686035774;0.7937285603490518;88.71578094673387;0.8823071856116667
381370;Punta Pedranzini;3823;I4L01137031;Lombardia;512.0;402887.5215322577;394853.5945852589;371325.0;1.0203465969594057;1.0849997213553024;0.4673125200472248;0.9785409351435442;103.48648879261948;0.8817376065342803
2156729;Dosegù;13340;I4L01137031;Lombardia;512.1;2309586.4394396557;2208269.786874753;2121712.5;1.0458805591450353;1.0885482549778331;0.5516296683958801;1.0462894339174371;178.15063433716904;0.8526967027981627
23100;Passo di Dosegù;713;I4L01137032;Lombardia;513.0;23693.770945509415;22365.95736980596;21150.0;1.059367616317467;1.1202728579437076;0.5236770124090182;0.4276093082661676;14.503552747405944;
296272;Sforzellina;3145;I4L01137036;Lombardia;516.0;316892.9161152905;305252.1412958191;287537.5;1.0381349489312521;1.1020924787733444;0.5653304303955271;0.894388788400525;60.30279422719377;0.8462510735077617
83598;Alpe Sud;1479;I4L01137039;Lombardia;519.0;86206.13417706039;83131.98534369358;79775.0;1.0369791340920986;1.0806159094586072;0.5827472355475416;0.018047286373572315;28.192851938935213;0.9047991235275354
22457;Sobretta Nord Est Inferiore;1102;I4L01137042;Lombardia;522.1;26794.99552397299;23433.572176089776;19450.0;1.1434447690102072;1.3776347313096653;0.5207247425896937;-1.9347836128082576;29.537844916100262;
33178;Sobretta Nord Est Superiore;1319;I4L01137042;Lombardia;522.0;39423.09660003666;37212.52887275429;30087.5;1.0594038565570552;1.3102815654353688;0.3949166708288137;-0.8043434309869023;31.812621835259083;
224174;Sobretta Nord Ovest;5430;I4L01137043;Lombardia;523.0;248653.7051823888;240090.89264154356;210337.5;1.0356648786075764;1.1821653541683663;0.5331498618888462;0.5281655431879956;77.62806291714195;0.8489911211968759
166075;Profa;3418;I4L01137044;Lombardia;524.0;175861.94865630975;169251.3091023477;157800.0;1.0390581295295302;1.1144610181008223;0.5218125591376814;0.2581987019184289;55.63390579408683;0.8427920631750343
33998;Cima Monticello Sud;1214;I4L01026001;Lombardia;569.0;32174.224711691182;31446.800076251006;30937.5;1.0231319127439469;1.0399749401758769;0.6148120565016589;0.40994708153253656;14.183457637511596;
51368;Pietre Rosse Nord;1431;I4L01027002;Lombardia;571.0;56469.85843790207;53227.622843793484;47725.0;1.0609126506292332;1.1832343308098916;0.3477715457723056;0.2679392842092961;50.21705012552228;
181885;Savoretta;2511;I4L01134003;Lombardia;527.0;195789.95747666608;188432.73923531992;175062.5;1.0390442673136449;1.1184003283208344;0.4998841905134746;0.7466395939342303;77.50350617889676;0.8720839068357944
37038;Gavia;905;I4L01137038;Lombardia;518.0;44355.69118679533;42286.60122591708;34675.0;1.048930155200322;1.2791835958700888;0.5806417258181988;0.8826184522978661;31.70623190291727;
99973;San Giacomo Est;2473;I4L01137026;Lombardia;508.0;111614.24229042578;103786.36636252132;93337.5;1.0754229693384003;1.1958134971520105;0.4862946147734346;0.4008332082014207;64.46882921400436;0.7888480413150345
11344766;Forni;48200;I4L01137024;Lombardia;507.1;12760860.764353793;11223365.463697087;11142037.5;1.1369905761003565;1.1452896980784524;0.6400498412414963;0.9804481904246404;250.2870726051936;0.8643397663341441
51872;Montagna Vecchia IV;1361;I4L01137008;Lombardia;495.3;60010.001804472995;56437.568532117155;47962.5;1.0632988515499715;1.2511858598795516;0.586021530064855;0.4603515359574605;70.61624597873875;0.830568621221947
550344;Cerena;8091;I4L01137028;Lombardia;510.0;672411.6153207887;677102.2547435745;544100.0;0.9930724799837476;1.2358235900032877;0.6015685192679199;0.4502189772115879;241.83270980505213;0.7569930648333625
24847;Payer Superiore;698;I4L01028002;Lombardia;573.0;26606.527352999437;25439.042009670688;22787.5;1.0458934476732626;1.1675930818650329;0.6367304237041158;0.4313480773969489;23.083552958140448;
27791;Payer Inferiore;874;I4L01028003;Lombardia;574.0;31627.68569498228;30216.130403106006;25787.5;1.0467152899145276;1.2264735121660602;0.5200543551590986;0.2060181555181;31.12538234123904;
30508;Punta Pisgana Nord Ovest;1113;-;Lombardia;574.1;59323.63551548332;58162.89575083405;46825.0;1.0199567052098266;1.266922274756718;0.5492658704529196;0.7729446554322036;71.53349686879451;0.884756046325363
21346;Punta Pisgana Nord Ovest;911;-;Lombardia;574.1;59323.63551548332;58162.89575083405;46825.0;1.0199567052098266;1.266922274756718;0.5492658704529196;0.7729446554322036;71.53349686879451;0.884756046325363
600205;Pisgana Est;5428;I4L01028004;Lombardia;575.0;635740.0355890554;607033.706448919;586275.0;1.047289514297427;1.0843717292892503;0.212325849263772;0.5248830029726281;127.23697103555452;0.8380322239829006
150112;Narcanello;2309;I4L01028006;Lombardia;577.1;159190.47966457225;157968.1141593214;144362.5;1.0077380521490429;1.1027135139982494;0.4809187746152898;0.4794288925571623;45.631714365883525;0.9656545036866033
2486582;Pisgana Ovest;12239;I4L01028006;Lombardia;577.0;2717778.3447046103;2620859.6530007347;2455387.5;1.036979733574405;1.1068633137150898;0.6104259676633352;1.0647605135586138;178.00674230990435;0.8474889581605669
94819;Calotta;2185;I4L01028008;Lombardia;579.0;111909.58658471117;110187.94391169953;89437.5;1.015624601130513;1.251260227362249;0.5905583228531426;0.996760364339854;68.86726988954564;0.8413737070928742
16444683;Adamello;42365;I4L01024006;Lombardia;608.0;16456659.43722798;15672070.550517065;15634000.0;1.050062873580226;1.0526198949231151;0.6295719841715499;1.2279747774373282;141.38273075609942;0.8417216758022188
815749;Venerocolo;5359;I4L01028011;Lombardia;581.0;895387.7063566805;824538.1729478922;802037.5;1.0859263230415233;1.116391323793065;0.5620443226332255;0.9789415198652824;97.99950588267164;0.7956214758123175
49682;Avio Est;1223;I4L01028012;Lombardia;582.0;57729.700059259805;56704.71384245451;46750.0;1.0180758555567897;1.2348598943157176;0.5356241032177569;0.8819326794412109;44.3852167968769;
483632;Avio Centrale;4312;I4L01028013;Lombardia;583.0;610388.2960724654;557132.1308972929;512075.0;1.095589829093864;1.1919900328515654;0.6353114112855993;0.9707963893566082;77.66084934879999;0.8296009905878117
43356;Avio Centrale;1478;I4L01028013;Lombardia;583.0;610388.2960724654;557132.1308972929;512075.0;1.095589829093864;1.1919900328515654;0.6353114112855993;0.9707963893566082;77.66084934879999;0.8296009905878117
26166;Avio Ovest;967;I4L01028014;Lombardia;584.0;36175.075672689316;30597.120702799213;23812.5;1.182303263894364;1.5191632828425958;0.7504633919852209;0.9620461716709222;29.882025709309147;
11179;Plem;759;I4L01028015;Lombardia;585.0;13977.372806558047;11280.54959705582;9212.5;1.2390684235993334;1.5172182150944964;0.2623895972425048;;27.643890572748795;
45430;Miller Inferiore;1329;I4L01025013;Lombardia;599.1;54491.6405327058;54057.93695561325;41975.0;1.0080229398589269;1.2981927464611265;0.6565447957561674;0.8084313060620592;53.61412144772504;
24384;Levade Ovest;1183;I4L01024007;Lombardia;610.0;25509.478953469923;22562.566337525626;21512.5;1.1306107014538962;1.1857979757568815;0.4526575402051836;0.4300588700955307;37.49654372436262;
23908;Salimmo;1060;I4L01028007;Lombardia;578.0;28289.29629868732;26796.614819030485;21062.5;1.0557041062737804;1.3431119904421278;0.3334545708742853;;75.53311048908941;
16902;Baitone Est;613;I4L01028016;Lombardia;586.0;21150.2341920946;19822.158474315536;15325.0;1.0669995510075208;1.380113160984966;0.4869287462365144;;32.9497116542547;
6465;Cima Laste Nord;406;I4L01025001;Lombardia;590.1;30922.777853280226;24563.29491053164;20212.5;1.258901868251475;1.529883876476449;0.7297085209594949;;58.11058274393596;
16626;Cima Laste Nord;732;I4L01025001;Lombardia;590.1;30922.777853280226;24563.29491053164;20212.5;1.258901868251475;1.529883876476449;0.7297085209594949;;58.11058274393596;
23979;Cima Wanda;1890;I4L01025002;Lombardia;590.2;28182.47116249787;29175.21118886709;19325.0;0.9659731674282434;1.4583426216040294;0.3856644171477146;;123.15549668640928;0.553178774971707
211022;Aviolo;3994;I4L01025003;Lombardia;591.0;257647.64371157484;249471.787838642;200462.5;1.032772667177184;1.285266040838435;0.5918916623700108;1.307149519377972;148.1479717762713;0.8433882054253408
12455;Cima dei Laghi Gelati;466;-;Lombardia;591.1;16018.238593383168;14100.588331899511;11425.0;1.1359978900416086;1.402034012549949;0.5466454360665269;;29.738533085983292;
21016;Val Gallinera II;839;I4L01025006;Lombardia;593.0;158673.5497045295;142556.68948587778;107325.0;1.1130557974990594;1.4784397829446028;0.5119398557353156;1.204424431800247;273.5345592292785;0.7042980899736564
33278;Val Gallinera II;1266;I4L01025006;Lombardia;593.0;158673.5497045295;142556.68948587778;107325.0;1.1130557974990594;1.4784397829446028;0.5119398557353156;1.204424431800247;273.5345592292785;0.7042980899736564
63340;Val Gallinera II;1892;I4L01025006;Lombardia;593.0;158673.5497045295;142556.68948587778;107325.0;1.1130557974990594;1.4784397829446028;0.5119398557353156;1.204424431800247;273.5345592292785;0.7042980899736564
16820;Val Gallinera III;540;I4L01025007;Lombardia;594.0;24351.25569351445;22913.66389868349;15450.0;1.0627394990686565;1.5761330545964043;0.9687224467407;1.8671708660653272;40.373410853902996;
26911;Val Gallinera IV;682;I4L01025008;Lombardia;595.0;35375.438989964154;30517.9820796682;25075.0;1.159167041176425;1.410785203986606;0.6030863877173271;0.7085828345498102;44.89083417961661;
103365;Bompià;1670;I4L01025009;Lombardia;596.0;115273.58328164568;101355.13551755273;98587.5;1.1373235573414289;1.1692515104008692;0.5624335383172085;0.8909148287997445;35.13645630568658;0.8771348528973315
31842;Cima del Laghetto;1080;I4L01025012;Lombardia;599.0;32319.249739033763;31540.328925030226;28912.5;1.024696026977239;1.1178296494261568;0.5657479436572825;1.3722935277002897;27.09847564224185;
15646;Salarno;643;-;Lombardia;608.2;15082.344114286534;14581.388194221103;14087.5;1.0343558455061206;1.0706189255926557;0.4901390745268914;-0.07337895711485462;10.53568912328152;
10230;Gioià;510;I4L01024002;Lombardia;606.0;11816.850774539353;11725.855176245366;8900.0;1.0077602526149505;1.3277360420830735;0.591841776910035;;24.857154789341106;
35015;Remulo;1279;I4L01025014;Lombardia;601.0;35795.77814247072;34313.83573104475;31600.0;1.0431878972389323;1.1327777893186937;0.3596029342715519;0.07767282251887968;19.30056191009476;
21383;Monte Torena;814;I4L01132001;Lombardia;528.0;22881.80870887349;20883.86130180064;18037.5;1.09566944437141;1.2685687433886896;0.4956945840683882;1.213454448135795;44.264740382456615;
51606;Caronella Est;1202;I4L01132001;Lombardia;529.0;59420.08501573371;53449.66438984302;47325.0;1.1117017420791373;1.2555749607128095;0.4074033255724321;0.6054269935728573;53.54572793063564;
44269;Caronella Centrale;1084;I4L01132003;Lombardia;530.0;47173.28992708703;45109.12622154322;40512.5;1.0457593369334208;1.164413204000914;0.3250343823172146;0.4830088765698483;51.69212587475463;
16148;Bondone Inferiore;871;I4L01132007;Lombardia;533.0;15033.136605141506;14395.998443618115;13125.0;1.0442580043349363;1.14538183658221;-0.18089031994979288;;29.542620668893928;
23491;Bondone Superiore;816;I4L01132006;Lombardia;532.0;23896.334709750285;23087.673052834427;20887.5;1.0350256890361058;1.1440495372711088;0.7401858395363741;1.4108562515183574;29.66534765489867;
29095;Cagamei IV;813;I4L01132008;Lombardia;534.0;38826.51533987391;31715.555577541803;26375.0;1.2242104744136175;1.4720953683364515;0.5565820419399601;0.2373038371955039;38.13421871585461;
95850;Cagamei III;2443;I4L01132009;Lombardia;535.0;118742.00651405328;101218.18696862963;87387.5;1.1731291586052095;1.358798529698793;0.392940281174808;0.558001575956367;100.033698807636;0.8609212353103994
50400;Cagamei II;1185;I4L01132010;Lombardia;536.0;57293.69829952671;53152.38720609955;46037.5;1.077913924681673;1.2445006418577618;0.4498266739044996;0.6643646954130862;48.715293689480646;
69810;Cagamei I;1701;I4L01132011;Lombardia;537.0;87315.04803057705;80486.15909477565;63762.5;1.0848455065144815;1.3693793064979738;0.5279505816044292;-0.2878655481163871;57.77781257222585;
46996;Druet;1222;I4L01132012;Lombardia;538.0;59784.92626555151;52034.19097209704;42925.0;1.148954661322797;1.3927763835888527;0.5330655437735774;1.2839705203633869;69.18826169324545;0.7612947346874024
71678;Fascere;1639;I4L01132013;Lombardia;539.0;89037.97147407685;76743.02828816463;66637.5;1.1602092523603005;1.3361541395472047;0.5522672595826439;0.5072797300690555;62.84121015147284;0.8640510053223265
23862;Val Sena;833;I4L01132014;Lombardia;540.0;32976.76672051062;29706.319183845702;21137.5;1.110092654577124;1.5601072369253992;0.5122262023160693;1.8368406216371205;50.61938696505976;
155863;Marovin;3400;I4L01132015;Lombardia;541.0;205369.2692076004;185751.0645166232;155187.5;1.1056155707211115;1.323362185792028;0.4876654082338037;0.4090557839822347;168.4245448846709;0.7519975473291893
11662;Marovin;590;I4L01132015;Lombardia;541.0;205369.2692076004;185751.0645166232;155187.5;1.1056155707211115;1.323362185792028;0.4876654082338037;0.4090557839822347;168.4245448846709;0.7519975473291893
20205;Dente di Coca;772;-;Lombardia;542.0;27502.232506147604;22771.982424930986;17650.0;1.207722366588422;1.5582001419913656;0.2914134415432621;;48.62661512248785;
216510;Lupo;3461;I4L01132016;Lombardia;543.0;241590.93843589816;223578.5720154921;205012.5;1.0805639210324591;1.1784205277039117;0.5253247871141933;0.3085655116451733;66.14422751509117;0.8364643028147098
30617;Pizzo Scotes;847;I4L01132017;Lombardia;543.1;34947.231543697184;31367.564614692743;27600.0;1.114120014511031;1.2662040414383038;0.5731551304061782;1.0999604614758811;32.83322961300317;
27559;Pioda Superiore;893;I4L01132019;Lombardia;545.0;34987.94121520749;30751.444615211884;24812.5;1.1377657750068737;1.4100933487237275;0.5798580372144713;0.5357874952900942;33.766575763661045;
14805;Pioda Inferiore;629;I4L01132018;Lombardia;544.0;16356.798096374741;15130.022912132881;12575.0;1.0810821762376908;1.3007394112425243;0.4966493880840854;;20.860679032335128;
222705;Porola;3521;I4L01132020;Lombardia;549.0;263427.77813433646;239774.09978760532;211537.5;1.0986498473675177;1.2453006116378251;0.5993200924229902;1.0572255124707854;147.9191438614225;0.745376774583318
142057;Scais;2346;I4L01132021;Lombardia;550.0;222087.7883380683;204206.97661739934;188237.5;1.0875621980054593;1.1798275494418928;0.6134205129623136;0.399330779553053;108.07220050706759;0.7703173518757771
59817;Scais;1699;I4L01132021;Lombardia;550.0;222087.7883380683;204206.97661739934;188237.5;1.0875621980054593;1.1798275494418928;0.6134205129623136;0.399330779553053;108.07220050706759;0.7703173518757771
23841;Cantunasc;654;I4L01132023;Lombardia;551.0;25945.058617808158;24532.308105013683;21662.5;1.0575873459091991;1.1976945697776409;0.7259321410773139;-0.5683830103491238;25.234151635004554;
11869;Pizzo Grò;497;-;Lombardia;552.1;11241.34682636519;10919.015862864166;10150.0;1.0295201479281004;1.1075218548143044;0.4693137283542774;;13.831677517027948;
10228;Mottolone;567;I4L01132024;Lombardia;552.0;9294.512409323925;9179.139883685153;8387.5;1.0125689908968305;1.1081385882949537;0.3323909943177992;;18.026956241783868;
26348;Salto;903;I4L01132025;Lombardia;553.0;27062.59565162412;25720.01106890344;23525.0;1.0522000001914436;1.1503760106960306;0.4624112576995338;1.0584110595107268;21.636020514574643;
31075;Pizzo Omo Ovest;763;I4L01132026;Lombardia;555.0;34433.929179234576;32633.750535357798;28562.5;1.0551630938627887;1.205564260104493;0.6219805769200648;1.5326136721395212;29.713367720799926;
9454;Pizzo Diavolo di Tenda Nord-Ovest;502;-;Lombardia;556.0;8870.964743578155;8665.21954196635;7875.0;1.0237437955974875;1.1264717134702418;0.6248005721423759;;19.60619591108492;
21029;Podavista;996;I4L01132027;Lombardia;556.1;23298.20673421225;20959.15877787745;17862.5;1.1116002784808179;1.3043082846304968;0.4312285371346647;-0.8164562964053056;41.88373159059783;
25029;Aga;747;I4L01132028;Lombardia;557.0;29481.241175014162;27240.303854680362;22500.0;1.0822655038023288;1.3102773855561851;0.4923719680978373;0.9459508412997676;40.83786760291315;
17113;Pizzo Diavolo di Tenda;671;I4L01101001;Lombardia;558.0;22058.50643495244;19909.27082900764;14375.0;1.1079514977923437;1.5345047954749518;0.6158111924401508;;61.15141214314345;
19040;Pizzo Omo Nord Ovest;708;-;Lombardia;554.0;18806.69336089145;17778.79758295129;16525.0;1.0578158209600097;1.1380752412037187;0.5763721676111864;0.44666224457089;19.89065044420314;
17115;Coca Superiore;807;I4L01101005;Lombardia;563.1;20954.222503783312;18209.562904561622;14287.5;1.1507262757270318;1.4666122487337399;0.5787535607822396;-1.383677678299979;33.625974437911985;
30096;Coca;812;I4L01101004;Lombardia;563.0;29993.93148657882;29278.39449399924;26950.0;1.024439078882083;1.112947364993648;0.4766954164858728;0.4372396807271949;21.86078790351921;
33857;Val Morta;1297;-;Lombardia;562.0;37633.43859013573;35023.78120494602;31037.5;1.0745110121011483;1.2125151378215298;0.4951668459711776;0.8808474950347039;52.806898260591716;0.781890490626074
3051;Val Morta;246;-;Lombardia;562.0;37633.43859013573;35023.78120494602;31037.5;1.0745110121011483;1.2125151378215298;0.4951668459711776;0.8808474950347039;52.806898260591716;0.781890490626074
4581;Lago della Malgina;381;I4L01101006;Lombardia;564.0;8187.921922792858;7654.798226991909;7450.0;1.0696456888858386;1.0990499225225312;0.1663675922508968;;14.559141106562533;
3479;Lago della Malgina;276;I4L01101006;Lombardia;564.0;8187.921922792858;7654.798226991909;7450.0;1.0696456888858386;1.0990499225225312;0.1663675922508968;;14.559141106562533;
2482;Lago della Malgina;273;I4L01101006;Lombardia;564.0;8187.921922792858;7654.798226991909;7450.0;1.0696456888858386;1.0990499225225312;0.1663675922508968;;14.559141106562533;
33550;Trobio Est;964;I4L01101008;Lombardia;566.0;36296.95604618933;34095.6888039326;30400.0;1.064561453939679;1.1939788173088597;0.5769537428691638;0.7751513866688212;27.821103991085483;
18610;Trobio Centrale;646;I4L01101009;Lombardia;566.1;18953.684290150995;18329.36751929929;16587.5;1.0340610100263607;1.1426486384416576;0.665764353296947;-0.4063507854255001;25.361863785216908;
95794;Trobio Ovest;1884;I4L01101010;Lombardia;567.0;118655.8220616442;114330.42259885947;106162.5;1.0378324453322532;1.117681121503772;0.5021573135362114;0.0917586971411828;52.31505723060584;0.8775116464408212
20300;Trobio Ovest;833;I4L01101010;Lombardia;567.0;118655.8220616442;114330.42259885947;106162.5;1.0378324453322532;1.117681121503772;0.5021573135362114;0.0917586971411828;52.31505723060584;0.8775116464408212
15180;Recastello;539;I4L01101011;Lombardia;568.0;15882.271426345706;15640.774872634973;13300.0;1.0154401911463642;1.1941557463417825;0.5820320989232102;1.4977598430155714;21.285460663259887;
14359;Redorta Inferiore;843;I4L01101002;Lombardia;560.0;14980.795997538826;13547.153175091391;11600.0;1.1058261321709582;1.2914479308223126;0.4863858972352526;;46.71033420366962;
22964;Secreti;757;I4L01101003;Lombardia;561.0;22832.548517539984;21983.77492000125;20100.0;1.0386090924159936;1.1359476874398002;0.6373754448870461;0.5229347057512346;29.71341674391085;
803199;Fellaria Est;4259;I4L01123011;Lombardia;440.0;5091756.165274084;4955831.962312753;4754300.0;1.0274271210151962;1.0709791484075644;0.6060749539390029;0.8265898028523799;352.8519850346293;0.7916022313377071
13138;Pizzo Varuna;485;I4L01123013;Lombardia;441.0;100866.40600410274;95645.6592628862;94762.5;1.0545842517208968;1.0644126738330322;0.6380691087707229;0.1141739525745511;34.280366479425034;0.6708352519624203
18022;Pizzo Varuna;574;I4L01123013;Lombardia;441.0;100866.40600410274;95645.6592628862;94762.5;1.0545842517208968;1.0644126738330322;0.6380691087707229;0.1141739525745511;34.280366479425034;0.6708352519624203
72582;Dosdè Ovest Inferiore;1070;I4L01138013;Lombardia;475.1;79132.76332682527;75014.65290430894;68162.5;1.0548974135462508;1.1609427959189476;0.6272013389543636;0.4498310389274579;40.94671227927165;
367451;Frati;4092;I4L01028011;Lombardia;581.1;411207.87563460297;395364.1414196575;356987.5;1.0400737764382335;1.1518831209344949;0.5600526827610295;1.011855375192404;78.9049985107371;0.9015558596719351
